{
"__comment": "Designed by Optimus0812 with BDcraft Cubik PRO 0.95 Beta - http://bdcraft.net",
"textures": {
    "Lead Pipe": "3D/Lead Pipe"
},
"elements": [ 
{
    "__comment": "1",
    "from": [ 7.5, 0, 7 ],
    "to": [ 8.5, 14, 7.5 ],
    "faces": {
        "down":  { "uv": [ 8.5, 7.5, 7.5, 7 ], "texture": "#Lead Pipe" },
        "up":    { "uv": [ 7.5, 7, 8.5, 7.5 ], "texture": "#Lead Pipe" },
        "north": { "uv": [ 7.5, 2, 8.5, 16 ], "texture": "#Lead Pipe" },
        "south": { "uv": [ 7.5, 2, 8.5, 16 ], "texture": "#Lead Pipe" },
        "west":  { "uv": [ 7, 2, 7.5, 16 ], "texture": "#Lead Pipe" },
        "east":  { "uv": [ 8.5, 2, 9, 16 ], "texture": "#Lead Pipe" }
    }
},
{
    "__comment": "1",
    "from": [ 7.5, 0, 8.5 ],
    "to": [ 8.5, 14, 9 ],
    "faces": {
        "down":  { "uv": [ 8.5, 9, 7.5, 8.5 ], "texture": "#Lead Pipe" },
        "up":    { "uv": [ 7.5, 8.5, 8.5, 9 ], "texture": "#Lead Pipe" },
        "north": { "uv": [ 7.5, 2, 8.5, 16 ], "texture": "#Lead Pipe" },
        "south": { "uv": [ 7.5, 2, 8.5, 16 ], "texture": "#Lead Pipe" },
        "west":  { "uv": [ 8.5, 2, 9, 16 ], "texture": "#Lead Pipe" },
        "east":  { "uv": [ 7, 2, 7.5, 16 ], "texture": "#Lead Pipe" }
    }
},
{
    "__comment": "1",
    "from": [ 7, 0, 7.5 ],
    "to": [ 7.5, 13.5, 8.5 ],
    "faces": {
        "down":  { "uv": [ 9, 8.5, 8.5, 7.5 ], "texture": "#Lead Pipe" },
        "up":    { "uv": [ 7, 7.5, 7.5, 8.5 ], "texture": "#Lead Pipe" },
        "north": { "uv": [ 8.5, 2.5, 9, 16 ], "texture": "#Lead Pipe" },
        "south": { "uv": [ 7, 2.5, 7.5, 16 ], "texture": "#Lead Pipe" },
        "west":  { "uv": [ 7.5, 2.5, 8.5, 16 ], "texture": "#Lead Pipe" },
        "east":  { "uv": [ 7.5, 2.5, 8.5, 16 ], "texture": "#Lead Pipe" }
    }
},
{
    "__comment": "1",
    "from": [ 8.5, 0, 7.5 ],
    "to": [ 9, 13.5, 8.5 ],
    "faces": {
        "down":  { "uv": [ 7.5, 8.5, 7, 7.5 ], "texture": "#Lead Pipe" },
        "up":    { "uv": [ 8.5, 7.5, 9, 8.5 ], "texture": "#Lead Pipe" },
        "north": { "uv": [ 7, 2.5, 7.5, 16 ], "texture": "#Lead Pipe" },
        "south": { "uv": [ 8.5, 2.5, 9, 16 ], "texture": "#Lead Pipe" },
        "west":  { "uv": [ 7.5, 2.5, 8.5, 16 ], "texture": "#Lead Pipe" },
        "east":  { "uv": [ 7.5, 2.5, 8.5, 16 ], "texture": "#Lead Pipe" }
    }
},
{
    "__comment": "1",
    "from": [ 5, 15, 7.5 ],
    "to": [ 11, 15.5, 8.5 ],
    "faces": {
        "down":  { "uv": [ 11, 8.5, 5, 7.5 ], "texture": "#Lead Pipe" },
        "up":    { "uv": [ 5, 7.5, 11, 8.5 ], "texture": "#Lead Pipe" },
        "north": { "uv": [ 5, 0.5, 11, 1 ], "texture": "#Lead Pipe" },
        "south": { "uv": [ 5, 0.5, 11, 1 ], "texture": "#Lead Pipe" },
        "west":  { "uv": [ 7.5, 0.5, 8.5, 1 ], "texture": "#Lead Pipe" },
        "east":  { "uv": [ 7.5, 0.5, 8.5, 1 ], "texture": "#Lead Pipe" }
    }
},
{
    "__comment": "1",
    "from": [ 5, 13.5, 7.5 ],
    "to": [ 11, 14, 8.5 ],
    "faces": {
        "down":  { "uv": [ 11, 8.5, 5, 7.5 ], "texture": "#Lead Pipe" },
        "up":    { "uv": [ 5, 7.5, 11, 8.5 ], "texture": "#Lead Pipe" },
        "north": { "uv": [ 5, 2, 11, 2.5 ], "texture": "#Lead Pipe" },
        "south": { "uv": [ 5, 2, 11, 2.5 ], "texture": "#Lead Pipe" },
        "west":  { "uv": [ 7.5, 2, 8.5, 2.5 ], "texture": "#Lead Pipe" },
        "east":  { "uv": [ 7.5, 2, 8.5, 2.5 ], "texture": "#Lead Pipe" }
    }
},
{
    "__comment": "1",
    "from": [ 5, 14, 7 ],
    "to": [ 11, 15, 7.5 ],
    "faces": {
        "down":  { "uv": [ 11, 7.5, 5, 7 ], "texture": "#Lead Pipe" },
        "up":    { "uv": [ 5, 7, 11, 7.5 ], "texture": "#Lead Pipe" },
        "north": { "uv": [ 5, 1, 11, 2 ], "texture": "#Lead Pipe" },
        "south": { "uv": [ 5, 1, 11, 2 ], "texture": "#Lead Pipe" },
        "west":  { "uv": [ 7, 1, 7.5, 2 ], "texture": "#Lead Pipe" },
        "east":  { "uv": [ 8.5, 1, 9, 2 ], "texture": "#Lead Pipe" }
    }
},
{
    "__comment": "1",
    "from": [ 5, 14, 8.5 ],
    "to": [ 11, 15, 9 ],
    "faces": {
        "down":  { "uv": [ 11, 9, 5, 8.5 ], "texture": "#Lead Pipe" },
        "up":    { "uv": [ 5, 8.5, 11, 9 ], "texture": "#Lead Pipe" },
        "north": { "uv": [ 5, 1, 11, 2 ], "texture": "#Lead Pipe" },
        "south": { "uv": [ 5, 1, 11, 2 ], "texture": "#Lead Pipe" },
        "west":  { "uv": [ 8.5, 1, 9, 2 ], "texture": "#Lead Pipe" },
        "east":  { "uv": [ 7, 1, 7.5, 2 ], "texture": "#Lead Pipe" }
    }
},
{
    "__comment": "1",
    "from": [ 5, 13.5, 8.75 ],
    "to": [ 5.5, 15.5, 9.25 ],
    "faces": {
        "down":  { "uv": [ 11, 9.25, 10.5, 8.75 ], "texture": "#Lead Pipe" },
        "up":    { "uv": [ 5, 8.75, 5.5, 9.25 ], "texture": "#Lead Pipe" },
        "north": { "uv": [ 10.5, 0.5, 11, 2.5 ], "texture": "#Lead Pipe" },
        "south": { "uv": [ 5, 0.5, 5.5, 2.5 ], "texture": "#Lead Pipe" },
        "west":  { "uv": [ 8.75, 0.5, 9.25, 2.5 ], "texture": "#Lead Pipe" },
        "east":  { "uv": [ 6.75, 0.5, 7.25, 2.5 ], "texture": "#Lead Pipe" }
    }
},
{
    "__comment": "1",
    "from": [ 5, 13.5, 6.75 ],
    "to": [ 5.5, 15.5, 7.25 ],
    "faces": {
        "down":  { "uv": [ 11, 7.25, 10.5, 6.75 ], "texture": "#Lead Pipe" },
        "up":    { "uv": [ 5, 6.75, 5.5, 7.25 ], "texture": "#Lead Pipe" },
        "north": { "uv": [ 10.5, 0.5, 11, 2.5 ], "texture": "#Lead Pipe" },
        "south": { "uv": [ 5, 0.5, 5.5, 2.5 ], "texture": "#Lead Pipe" },
        "west":  { "uv": [ 6.75, 0.5, 7.25, 2.5 ], "texture": "#Lead Pipe" },
        "east":  { "uv": [ 8.75, 0.5, 9.25, 2.5 ], "texture": "#Lead Pipe" }
    }
},
{
    "__comment": "1",
    "from": [ 5, 15.25, 7 ],
    "to": [ 5.5, 15.75, 9 ],
    "faces": {
        "down":  { "uv": [ 11, 9, 10.5, 7 ], "texture": "#Lead Pipe" },
        "up":    { "uv": [ 5, 7, 5.5, 9 ], "texture": "#Lead Pipe" },
        "north": { "uv": [ 10.5, 0.25, 11, 0.75 ], "texture": "#Lead Pipe" },
        "south": { "uv": [ 5, 0.25, 5.5, 0.75 ], "texture": "#Lead Pipe" },
        "west":  { "uv": [ 7, 0.25, 9, 0.75 ], "texture": "#Lead Pipe" },
        "east":  { "uv": [ 7, 0.25, 9, 0.75 ], "texture": "#Lead Pipe" }
    }
},
{
    "__comment": "1",
    "from": [ 5, 13.25, 7 ],
    "to": [ 5.5, 13.75, 9 ],
    "faces": {
        "down":  { "uv": [ 11, 9, 10.5, 7 ], "texture": "#Lead Pipe" },
        "up":    { "uv": [ 5, 7, 5.5, 9 ], "texture": "#Lead Pipe" },
        "north": { "uv": [ 10.5, 2.25, 11, 2.75 ], "texture": "#Lead Pipe" },
        "south": { "uv": [ 5, 2.25, 5.5, 2.75 ], "texture": "#Lead Pipe" },
        "west":  { "uv": [ 7, 2.25, 9, 2.75 ], "texture": "#Lead Pipe" },
        "east":  { "uv": [ 7, 2.25, 9, 2.75 ], "texture": "#Lead Pipe" }
    }
},
{
    "__comment": "1",
    "from": [ 5, 13.5, 7 ],
    "to": [ 5.5, 14, 7.5 ],
    "faces": {
        "down":  { "uv": [ 11, 6.1875, 10.5, 5.5 ], "texture": "#Lead Pipe" },
        "up":    { "uv": [ 5, 5.5, 5.5, 6.1875 ], "texture": "#Lead Pipe" },
        "north": { "uv": [ 10.5, 3.5, 11, 4.125 ], "texture": "#Lead Pipe" },
        "south": { "uv": [ 5, 3.5, 5.5, 4.125 ], "texture": "#Lead Pipe" },
        "west":  { "uv": [ 5.5, 3.5, 6.1875, 4.125 ], "texture": "#Lead Pipe" },
        "east":  { "uv": [ 9.8125, 3.5, 10.5, 4.125 ], "texture": "#Lead Pipe" }
    }
},
{
    "__comment": "1",
    "from": [ 5, 13.5, 8.5 ],
    "to": [ 5.5, 14, 9 ],
    "faces": {
        "down":  { "uv": [ 11, 6.1875, 10.5, 5.5 ], "texture": "#Lead Pipe" },
        "up":    { "uv": [ 5, 5.5, 5.5, 6.1875 ], "texture": "#Lead Pipe" },
        "north": { "uv": [ 10.5, 3.5, 11, 4.125 ], "texture": "#Lead Pipe" },
        "south": { "uv": [ 5, 3.5, 5.5, 4.125 ], "texture": "#Lead Pipe" },
        "west":  { "uv": [ 5.5, 3.5, 6.1875, 4.125 ], "texture": "#Lead Pipe" },
        "east":  { "uv": [ 9.8125, 3.5, 10.5, 4.125 ], "texture": "#Lead Pipe" }
    }
},
{
    "__comment": "1",
    "from": [ 5, 15, 8.5 ],
    "to": [ 5.5, 15.5, 9 ],
    "faces": {
        "down":  { "uv": [ 11, 6.1875, 10.5, 5.5 ], "texture": "#Lead Pipe" },
        "up":    { "uv": [ 5, 5.5, 5.5, 6.1875 ], "texture": "#Lead Pipe" },
        "north": { "uv": [ 10.5, 3.5, 11, 4.125 ], "texture": "#Lead Pipe" },
        "south": { "uv": [ 5, 3.5, 5.5, 4.125 ], "texture": "#Lead Pipe" },
        "west":  { "uv": [ 5.5, 3.5, 6.1875, 4.125 ], "texture": "#Lead Pipe" },
        "east":  { "uv": [ 9.8125, 3.5, 10.5, 4.125 ], "texture": "#Lead Pipe" }
    }
},
{
    "__comment": "1",
    "from": [ 5, 15, 7 ],
    "to": [ 5.5, 15.5, 7.5 ],
    "faces": {
        "down":  { "uv": [ 11, 6.1875, 10.5, 5.5 ], "texture": "#Lead Pipe" },
        "up":    { "uv": [ 5, 5.5, 5.5, 6.1875 ], "texture": "#Lead Pipe" },
        "north": { "uv": [ 10.5, 3.5, 11, 4.125 ], "texture": "#Lead Pipe" },
        "south": { "uv": [ 5, 3.5, 5.5, 4.125 ], "texture": "#Lead Pipe" },
        "west":  { "uv": [ 5.5, 3.5, 6.1875, 4.125 ], "texture": "#Lead Pipe" },
        "east":  { "uv": [ 9.8125, 3.5, 10.5, 4.125 ], "texture": "#Lead Pipe" }
    }
},
{
    "__comment": "1",
    "from": [ 7, 12, 8.75 ],
    "to": [ 9, 12.5, 9.25 ],
    "faces": {
        "down":  { "uv": [ 11, 9.25, 10.5, 8.75 ], "texture": "#Lead Pipe" },
        "up":    { "uv": [ 5, 8.75, 5.5, 9.25 ], "texture": "#Lead Pipe" },
        "north": { "uv": [ 10.5, 0.5, 11, 2.5 ], "texture": "#Lead Pipe" },
        "south": { "uv": [ 5, 0.5, 5.5, 2.5 ], "texture": "#Lead Pipe" },
        "west":  { "uv": [ 8.75, 0.5, 9.25, 2.5 ], "texture": "#Lead Pipe" },
        "east":  { "uv": [ 6.75, 0.5, 7.25, 2.5 ], "texture": "#Lead Pipe" }
    }
},
{
    "__comment": "1",
    "from": [ 10.5, 13.5, 8.75 ],
    "to": [ 11, 15.5, 9.25 ],
    "faces": {
        "down":  { "uv": [ 11, 9.25, 10.5, 8.75 ], "texture": "#Lead Pipe" },
        "up":    { "uv": [ 5, 8.75, 5.5, 9.25 ], "texture": "#Lead Pipe" },
        "north": { "uv": [ 10.5, 0.5, 11, 2.5 ], "texture": "#Lead Pipe" },
        "south": { "uv": [ 5, 0.5, 5.5, 2.5 ], "texture": "#Lead Pipe" },
        "west":  { "uv": [ 8.75, 0.5, 9.25, 2.5 ], "texture": "#Lead Pipe" },
        "east":  { "uv": [ 6.75, 0.5, 7.25, 2.5 ], "texture": "#Lead Pipe" }
    }
},
{
    "__comment": "1",
    "from": [ 10.5, 13.5, 6.75 ],
    "to": [ 11, 15.5, 7.25 ],
    "faces": {
        "down":  { "uv": [ 11, 7.25, 10.5, 6.75 ], "texture": "#Lead Pipe" },
        "up":    { "uv": [ 5, 6.75, 5.5, 7.25 ], "texture": "#Lead Pipe" },
        "north": { "uv": [ 10.5, 0.5, 11, 2.5 ], "texture": "#Lead Pipe" },
        "south": { "uv": [ 5, 0.5, 5.5, 2.5 ], "texture": "#Lead Pipe" },
        "west":  { "uv": [ 6.75, 0.5, 7.25, 2.5 ], "texture": "#Lead Pipe" },
        "east":  { "uv": [ 8.75, 0.5, 9.25, 2.5 ], "texture": "#Lead Pipe" }
    }
},
{
    "__comment": "1",
    "from": [ 10.5, 15.25, 7 ],
    "to": [ 11, 15.75, 9 ],
    "faces": {
        "down":  { "uv": [ 11, 9, 10.5, 7 ], "texture": "#Lead Pipe" },
        "up":    { "uv": [ 5, 7, 5.5, 9 ], "texture": "#Lead Pipe" },
        "north": { "uv": [ 10.5, 0.25, 11, 0.75 ], "texture": "#Lead Pipe" },
        "south": { "uv": [ 5, 0.25, 5.5, 0.75 ], "texture": "#Lead Pipe" },
        "west":  { "uv": [ 7, 0.25, 9, 0.75 ], "texture": "#Lead Pipe" },
        "east":  { "uv": [ 7, 0.25, 9, 0.75 ], "texture": "#Lead Pipe" }
    }
},
{
    "__comment": "1",
    "from": [ 10.5, 13.25, 7 ],
    "to": [ 11, 13.75, 9 ],
    "faces": {
        "down":  { "uv": [ 11, 9, 10.5, 7 ], "texture": "#Lead Pipe" },
        "up":    { "uv": [ 5, 7, 5.5, 9 ], "texture": "#Lead Pipe" },
        "north": { "uv": [ 10.5, 2.25, 11, 2.75 ], "texture": "#Lead Pipe" },
        "south": { "uv": [ 5, 2.25, 5.5, 2.75 ], "texture": "#Lead Pipe" },
        "west":  { "uv": [ 7, 2.25, 9, 2.75 ], "texture": "#Lead Pipe" },
        "east":  { "uv": [ 7, 2.25, 9, 2.75 ], "texture": "#Lead Pipe" }
    }
},
{
    "__comment": "1",
    "from": [ 10.5, 13.5, 7 ],
    "to": [ 11, 14, 7.5 ],
    "faces": {
        "down":  { "uv": [ 11, 6.1875, 10.5, 5.5 ], "texture": "#Lead Pipe" },
        "up":    { "uv": [ 5, 5.5, 5.5, 6.1875 ], "texture": "#Lead Pipe" },
        "north": { "uv": [ 10.5, 3.5, 11, 4.125 ], "texture": "#Lead Pipe" },
        "south": { "uv": [ 5, 3.5, 5.5, 4.125 ], "texture": "#Lead Pipe" },
        "west":  { "uv": [ 5.5, 3.5, 6.1875, 4.125 ], "texture": "#Lead Pipe" },
        "east":  { "uv": [ 9.8125, 3.5, 10.5, 4.125 ], "texture": "#Lead Pipe" }
    }
},
{
    "__comment": "1",
    "from": [ 10.5, 13.5, 8.5 ],
    "to": [ 11, 14, 9 ],
    "faces": {
        "down":  { "uv": [ 11, 6.1875, 10.5, 5.5 ], "texture": "#Lead Pipe" },
        "up":    { "uv": [ 5, 5.5, 5.5, 6.1875 ], "texture": "#Lead Pipe" },
        "north": { "uv": [ 10.5, 3.5, 11, 4.125 ], "texture": "#Lead Pipe" },
        "south": { "uv": [ 5, 3.5, 5.5, 4.125 ], "texture": "#Lead Pipe" },
        "west":  { "uv": [ 5.5, 3.5, 6.1875, 4.125 ], "texture": "#Lead Pipe" },
        "east":  { "uv": [ 9.8125, 3.5, 10.5, 4.125 ], "texture": "#Lead Pipe" }
    }
},
{
    "__comment": "1",
    "from": [ 10.5, 15, 8.5 ],
    "to": [ 11, 15.5, 9 ],
    "faces": {
        "down":  { "uv": [ 11, 6.1875, 10.5, 5.5 ], "texture": "#Lead Pipe" },
        "up":    { "uv": [ 5, 5.5, 5.5, 6.1875 ], "texture": "#Lead Pipe" },
        "north": { "uv": [ 10.5, 3.5, 11, 4.125 ], "texture": "#Lead Pipe" },
        "south": { "uv": [ 5, 3.5, 5.5, 4.125 ], "texture": "#Lead Pipe" },
        "west":  { "uv": [ 5.5, 3.5, 6.1875, 4.125 ], "texture": "#Lead Pipe" },
        "east":  { "uv": [ 9.8125, 3.5, 10.5, 4.125 ], "texture": "#Lead Pipe" }
    }
},
{
    "__comment": "1",
    "from": [ 10.5, 15, 7 ],
    "to": [ 11, 15.5, 7.5 ],
    "faces": {
        "down":  { "uv": [ 11, 6.1875, 10.5, 5.5 ], "texture": "#Lead Pipe" },
        "up":    { "uv": [ 5, 5.5, 5.5, 6.1875 ], "texture": "#Lead Pipe" },
        "north": { "uv": [ 10.5, 3.5, 11, 4.125 ], "texture": "#Lead Pipe" },
        "south": { "uv": [ 5, 3.5, 5.5, 4.125 ], "texture": "#Lead Pipe" },
        "west":  { "uv": [ 5.5, 3.5, 6.1875, 4.125 ], "texture": "#Lead Pipe" },
        "east":  { "uv": [ 9.8125, 3.5, 10.5, 4.125 ], "texture": "#Lead Pipe" }
    }
},
{
    "__comment": "1",
    "from": [ 7, 12, 6.75 ],
    "to": [ 9, 12.5, 7.25 ],
    "faces": {
        "down":  { "uv": [ 11, 9.25, 10.5, 8.75 ], "texture": "#Lead Pipe" },
        "up":    { "uv": [ 5, 8.75, 5.5, 9.25 ], "texture": "#Lead Pipe" },
        "north": { "uv": [ 10.5, 0.5, 11, 2.5 ], "texture": "#Lead Pipe" },
        "south": { "uv": [ 5, 0.5, 5.5, 2.5 ], "texture": "#Lead Pipe" },
        "west":  { "uv": [ 8.75, 0.5, 9.25, 2.5 ], "texture": "#Lead Pipe" },
        "east":  { "uv": [ 6.75, 0.5, 7.25, 2.5 ], "texture": "#Lead Pipe" }
    }
},
{
    "__comment": "1",
    "from": [ 6.75, 12, 7 ],
    "to": [ 7.25, 12.5, 9 ],
    "faces": {
        "down":  { "uv": [ 11, 9.25, 10.5, 8.75 ], "texture": "#Lead Pipe" },
        "up":    { "uv": [ 5, 8.75, 5.5, 9.25 ], "texture": "#Lead Pipe" },
        "north": { "uv": [ 10.5, 0.5, 11, 2.5 ], "texture": "#Lead Pipe" },
        "south": { "uv": [ 5, 0.5, 5.5, 2.5 ], "texture": "#Lead Pipe" },
        "west":  { "uv": [ 8.75, 0.5, 9.25, 2.5 ], "texture": "#Lead Pipe" },
        "east":  { "uv": [ 6.75, 0.5, 7.25, 2.5 ], "texture": "#Lead Pipe" }
    }
},
{
    "__comment": "1",
    "from": [ 8.75, 12, 7 ],
    "to": [ 9.25, 12.5, 9 ],
    "faces": {
        "down":  { "uv": [ 11, 9.25, 10.5, 8.75 ], "texture": "#Lead Pipe" },
        "up":    { "uv": [ 5, 8.75, 5.5, 9.25 ], "texture": "#Lead Pipe" },
        "north": { "uv": [ 10.5, 0.5, 11, 2.5 ], "texture": "#Lead Pipe" },
        "south": { "uv": [ 5, 0.5, 5.5, 2.5 ], "texture": "#Lead Pipe" },
        "west":  { "uv": [ 8.75, 0.5, 9.25, 2.5 ], "texture": "#Lead Pipe" },
        "east":  { "uv": [ 6.75, 0.5, 7.25, 2.5 ], "texture": "#Lead Pipe" }
    }
},
{
    "__comment": "1",
    "from": [ 7, 0, 8.5 ],
    "to": [ 7.5, 14, 9.1875 ],
    "rotation": { "origin": [ 7, 0, 8.5 ], "axis": "y", "angle": 45 },
    "faces": {
        "down":  { "uv": [ 8.5, 9, 7.5, 8.5 ], "texture": "#Lead Pipe" },
        "up":    { "uv": [ 7.5, 8.5, 8.5, 9 ], "texture": "#Lead Pipe" },
        "north": { "uv": [ 7.5, 2, 8.5, 16 ], "texture": "#Lead Pipe" },
        "south": { "uv": [ 7.5, 2, 8.5, 16 ], "texture": "#Lead Pipe" },
        "west":  { "uv": [ 8.5, 2, 9, 16 ], "texture": "#Lead Pipe" },
        "east":  { "uv": [ 7, 2, 7.5, 16 ], "texture": "#Lead Pipe" }
    }
},
{
    "__comment": "1",
    "from": [ 8.6475, 0, 8.165 ],
    "to": [ 9.1475, 14, 8.8525 ],
    "rotation": { "origin": [ 8.6475, 0, 8.165 ], "axis": "y", "angle": -45 },
    "faces": {
        "down":  { "uv": [ 8.5, 9, 7.5, 8.5 ], "texture": "#Lead Pipe" },
        "up":    { "uv": [ 7.5, 8.5, 8.5, 9 ], "texture": "#Lead Pipe" },
        "north": { "uv": [ 7.5, 2, 8.5, 16 ], "texture": "#Lead Pipe" },
        "south": { "uv": [ 7.5, 2, 8.5, 16 ], "texture": "#Lead Pipe" },
        "west":  { "uv": [ 8.5, 2, 9, 16 ], "texture": "#Lead Pipe" },
        "east":  { "uv": [ 7, 2, 7.5, 16 ], "texture": "#Lead Pipe" }
    }
},
{
    "__comment": "1",
    "from": [ 7.5, 0, 7 ],
    "to": [ 8, 14, 7.6875 ],
    "rotation": { "origin": [ 7.5, 0, 7 ], "axis": "y", "angle": -45 },
    "faces": {
        "down":  { "uv": [ 8.5, 9, 7.5, 8.5 ], "texture": "#Lead Pipe" },
        "up":    { "uv": [ 7.5, 8.5, 8.5, 9 ], "texture": "#Lead Pipe" },
        "north": { "uv": [ 7.5, 2, 8.5, 16 ], "texture": "#Lead Pipe" },
        "south": { "uv": [ 7.5, 2, 8.5, 16 ], "texture": "#Lead Pipe" },
        "west":  { "uv": [ 8.5, 2, 9, 16 ], "texture": "#Lead Pipe" },
        "east":  { "uv": [ 7, 2, 7.5, 16 ], "texture": "#Lead Pipe" }
    }
},
{
    "__comment": "1",
    "from": [ 8.1475, 0, 7.355 ],
    "to": [ 8.6475, 14, 8.0425 ],
    "rotation": { "origin": [ 8.1475, 0, 7.355 ], "axis": "y", "angle": 45 },
    "faces": {
        "down":  { "uv": [ 8.5, 9, 7.5, 8.5 ], "texture": "#Lead Pipe" },
        "up":    { "uv": [ 7.5, 8.5, 8.5, 9 ], "texture": "#Lead Pipe" },
        "north": { "uv": [ 7.5, 2, 8.5, 16 ], "texture": "#Lead Pipe" },
        "south": { "uv": [ 7.5, 2, 8.5, 16 ], "texture": "#Lead Pipe" },
        "west":  { "uv": [ 8.5, 2, 9, 16 ], "texture": "#Lead Pipe" },
        "east":  { "uv": [ 7, 2, 7.5, 16 ], "texture": "#Lead Pipe" }
    }
},
{
    "__comment": "1",
    "from": [ 5, 14.75, 7.5 ],
    "to": [ 11, 15.5, 8 ],
    "rotation": { "origin": [ 5, 15.5, 7.5 ], "axis": "x", "angle": 45 },
    "faces": {
        "down":  { "uv": [ 11, 7.5, 5, 7 ], "texture": "#Lead Pipe" },
        "up":    { "uv": [ 5, 7, 11, 7.5 ], "texture": "#Lead Pipe" },
        "north": { "uv": [ 5, 1, 11, 2 ], "texture": "#Lead Pipe" },
        "south": { "uv": [ 5, 1, 11, 2 ], "texture": "#Lead Pipe" },
        "west":  { "uv": [ 7, 1, 7.5, 2 ], "texture": "#Lead Pipe" },
        "east":  { "uv": [ 8.5, 1, 9, 2 ], "texture": "#Lead Pipe" }
    }
},
{
    "__comment": "1",
    "from": [ 5, 14.395, 8.145 ],
    "to": [ 11, 15.145, 8.645 ],
    "rotation": { "origin": [ 5, 15.145, 8.145 ], "axis": "x", "angle": -45 },
    "faces": {
        "down":  { "uv": [ 11, 7.5, 5, 7 ], "texture": "#Lead Pipe" },
        "up":    { "uv": [ 5, 7, 11, 7.5 ], "texture": "#Lead Pipe" },
        "north": { "uv": [ 5, 1, 11, 2 ], "texture": "#Lead Pipe" },
        "south": { "uv": [ 5, 1, 11, 2 ], "texture": "#Lead Pipe" },
        "west":  { "uv": [ 7, 1, 7.5, 2 ], "texture": "#Lead Pipe" },
        "east":  { "uv": [ 8.5, 1, 9, 2 ], "texture": "#Lead Pipe" }
    }
},
{
    "__comment": "1",
    "from": [ 5, 13.25, 7 ],
    "to": [ 11, 14, 7.5 ],
    "rotation": { "origin": [ 5, 14, 7 ], "axis": "x", "angle": -45 },
    "faces": {
        "down":  { "uv": [ 11, 7.5, 5, 7 ], "texture": "#Lead Pipe" },
        "up":    { "uv": [ 5, 7, 11, 7.5 ], "texture": "#Lead Pipe" },
        "north": { "uv": [ 5, 1, 11, 2 ], "texture": "#Lead Pipe" },
        "south": { "uv": [ 5, 1, 11, 2 ], "texture": "#Lead Pipe" },
        "west":  { "uv": [ 7, 1, 7.5, 2 ], "texture": "#Lead Pipe" },
        "east":  { "uv": [ 8.5, 1, 9, 2 ], "texture": "#Lead Pipe" }
    }
},
{
    "__comment": "1",
    "from": [ 5, 13.5625, 8.605 ],
    "to": [ 11, 14.3125, 9.105 ],
    "rotation": { "origin": [ 5, 14.3125, 8.605 ], "axis": "x", "angle": 45 },
    "faces": {
        "down":  { "uv": [ 11, 7.5, 5, 7 ], "texture": "#Lead Pipe" },
        "up":    { "uv": [ 5, 7, 11, 7.5 ], "texture": "#Lead Pipe" },
        "north": { "uv": [ 5, 1, 11, 2 ], "texture": "#Lead Pipe" },
        "south": { "uv": [ 5, 1, 11, 2 ], "texture": "#Lead Pipe" },
        "west":  { "uv": [ 7, 1, 7.5, 2 ], "texture": "#Lead Pipe" },
        "east":  { "uv": [ 8.5, 1, 9, 2 ], "texture": "#Lead Pipe" }
    }
}
],
"display": {
    "thirdperson": {
        "rotation": [ 0, 90, -90 ],
        "translation": [ 0, 1.5, -2 ],
        "scale": [ 1, 1, 1 ]
    },
    "head": {
        "rotation": [ 0, 0, -45 ],
        "translation": [ 0, -7.5, 3 ],
        "scale": [ 1.5, 1.5, 1.5 ]
    },
    "ground": {
        "rotation": [ 90, 0, 0 ],
        "translation": [ 0, -10, 0 ],
        "scale": [ 2, 2, 2 ]
    },
    "fixed": {
        "rotation": [ 0, 0, 45 ],
        "translation": [ 0, 0, 0 ],
        "scale": [ 2, 2, 2 ]
    },
    "firstperson": {
        "rotation": [ 10, 45, 0 ],
        "translation": [ 0, 5, 0 ],
        "scale": [ 2, 2, 2 ]
    },
    "gui": {
        "rotation": [ -30, 135, -45 ],
        "translation": [ 0, 0, 0 ],
        "scale": [ 1.6, 1.6, 1.6 ]
    }
}
}